Film_title,Director,Average_rating,Watches,Film_URL,Actor1,Actor2,Actor3
La La Land,Damien Chazelle,4.08,3066347,https://a.ltrbxd.com/resized/film-poster/2/4/0/3/4/4/240344-la-la-land-0-1000-0-1500-crop.jpg?v=053670ff84,Ryan Gosling,Emma Stone,John Legend
Interstellar,Christopher Nolan,4.34,3372726,https://a.ltrbxd.com/resized/film-poster/1/1/7/6/2/1/117621-interstellar-0-1000-0-1500-crop.jpg?v=7ad89e6666,Matthew McConaughey,Anne Hathaway,Jessica Chastain
Everything Everywhere All at Once,"Daniel Scheinert, Daniel Kwan",4.31,2783713,https://a.ltrbxd.com/resized/film-poster/4/7/4/4/7/4/474474-everything-everywhere-all-at-once-0-1000-0-1500-crop.jpg?v=281f1a041e,Michelle Yeoh,Stephanie Hsu,Ke Huy Quan
Fight Club,David Fincher,4.27,3607338,https://a.ltrbxd.com/resized/film-poster/5/1/5/6/8/51568-fight-club-0-1000-0-1500-crop.jpg?v=768b32dfa4,Edward Norton,Brad Pitt,Helena Bonham Carter
Whiplash,Damien Chazelle,4.43,2802270,https://a.ltrbxd.com/resized/sm/upload/cl/dn/kr/f1/4C9LHDxMsoYI0S3iMPZdm3Oevwo-0-1000-0-1500-crop.jpg?v=d13ea36528,Miles Teller,J.K. Simmons,Paul Reiser
Eternal Sunshine of the Spotless Mind,Michel Gondry,4.25,2282840,https://a.ltrbxd.com/resized/sm/upload/ay/bp/kl/1y/uBfQ7IGpi0jXSP3GPCzp9Pzm10v-0-1000-0-1500-crop.jpg?v=116621c401,Jim Carrey,Kate Winslet,Kirsten Dunst
Little Women,Greta Gerwig,4.14,1953601,https://a.ltrbxd.com/resized/sm/upload/r4/np/q5/te/mSmiB8XjUnR1GSIljuCPGsk0cwX-0-1000-0-1500-crop.jpg?v=b3f603929c,Saoirse Ronan,Florence Pugh,Emma Watson
Parasite,Bong Joon-ho,4.56,3699700,https://a.ltrbxd.com/resized/film-poster/4/2/6/4/0/6/426406-parasite-0-1000-0-1500-crop.jpg?v=8f5653f710,Song Kang-ho,Lee Sun-kyun,Cho Yeo-jeong
Dead Poets Society,Peter Weir,4.25,1756410,https://a.ltrbxd.com/resized/film-poster/5/1/8/4/6/51846-dead-poets-society-0-1000-0-1500-crop.jpg?v=9273e8acf7,Robin Williams,Ethan Hawke,Robert Sean Leonard
The Dark Knight,Christopher Nolan,4.47,3392288,https://a.ltrbxd.com/resized/sm/upload/78/y5/zg/ej/oefdD26aey8GPdx7Rm45PNncJdU-0-1000-0-1500-crop.jpg?v=2d0ce4be25,Christian Bale,Heath Ledger,Michael Caine
Spider-Man: Into the Spider-Verse,"Rodney Rothman, Peter Ramsey",4.42,3306523,https://a.ltrbxd.com/resized/film-poster/2/5/1/9/4/3/251943-spider-man-into-the-spider-verse-0-1000-0-1500-crop.jpg?v=538fe0ada6,Shameik Moore,Jake Johnson,Hailee Steinfeld
Spirited Away,Hayao Miyazaki,4.46,2650616,https://a.ltrbxd.com/resized/film-poster/5/1/9/2/1/51921-spirited-away-0-1000-0-1500-crop.jpg?v=a3ad463c55,Rumi Hiiragi,Miyu Irino,Mari Natsuki
Pulp Fiction,Quentin Tarantino,4.27,3260481,https://a.ltrbxd.com/resized/film-poster/5/1/4/4/4/51444-pulp-fiction-0-1000-0-1500-crop.jpg?v=dee19a8077,John Travolta,Samuel L. Jackson,Uma Thurman
Pride & Prejudice,Joe Wright,4.1,1216182,https://a.ltrbxd.com/resized/sm/upload/nq/jo/26/tn/dAC0hkYmz5ZOCHURZCyj9isPMPd-0-1000-0-1500-crop.jpg?v=b3dac3ffd7,Keira Knightley,Matthew Macfadyen,Brenda Blethyn
Howl's Moving Castle,Hayao Miyazaki,4.32,1657069,https://a.ltrbxd.com/resized/film-poster/4/9/0/6/2/49062-howl-s-moving-castle-0-1000-0-1500-crop.jpg?v=fde81bda52,Chieko Baisho,Takuya Kimura,Akihiro Miwa
Fantastic Mr. Fox,Wes Anderson,4.27,1848554,https://a.ltrbxd.com/resized/film-poster/4/6/3/4/4/46344-fantastic-mr-fox-0-1000-0-1500-crop.jpg?v=3a2a858065,George Clooney,Meryl Streep,Jason Schwartzman
The Perks of Being a Wallflower,Stephen Chbosky,3.91,2058619,https://a.ltrbxd.com/resized/sm/upload/zz/o0/mz/sv/fyYncUQh5gUTvxmQ4bigm2DVCv7-0-1000-0-1500-crop.jpg?v=1188bcf4af,Logan Lerman,Emma Watson,Ezra Miller
10 Things I Hate About You,Gil Junger,3.98,2091288,https://a.ltrbxd.com/resized/sm/upload/hl/jj/br/9g/Kd5OkBc6GyUa1tIpxYUHLpyE2t-0-1000-0-1500-crop.jpg?v=a2db0a150a,Heath Ledger,Julia Stiles,Joseph Gordon-Levitt
The Shawshank Redemption,Frank Darabont,4.55,2008076,https://a.ltrbxd.com/resized/sm/upload/7l/hn/46/uz/zGINvGjdlO6TJRu9wESQvWlOKVT-0-1000-0-1500-crop.jpg?v=8736d1c395,Tim Robbins,Morgan Freeman,Bob Gunton
The Godfather,Francis Ford Coppola,4.55,1972715,https://a.ltrbxd.com/resized/film-poster/5/1/8/1/8/51818-the-godfather-0-1000-0-1500-crop.jpg?v=bca8b67402,Marlon Brando,Al Pacino,James Caan
Coraline,Henry Selick,4.14,1774098,https://a.ltrbxd.com/resized/film-poster/4/2/7/7/9/42779-coraline-0-1000-0-1500-crop.jpg?v=b792483e2a,Dakota Fanning,Teri Hatcher,Jennifer Saunders
Call Me by Your Name,Luca Guadagnino,3.86,2058726,https://a.ltrbxd.com/resized/sm/upload/g9/9t/cc/7u/tcNniniS4rfqrLH0oORikJfnIwY-0-1000-0-1500-crop.jpg?v=f0c073f2b4,Timothée Chalamet,Armie Hammer,Michael Stuhlbarg
Scream,Wes Craven,4.02,1480431,https://a.ltrbxd.com/resized/film-poster/4/9/4/5/5/49455-scream-0-1000-0-1500-crop.jpg?v=8bb3c66a30,David Arquette,Neve Campbell,Courteney Cox
Inception,Christopher Nolan,4.19,3315582,https://a.ltrbxd.com/resized/sm/upload/sv/95/s9/4j/inception-0-1000-0-1500-crop.jpg?v=30d7224316,Leonardo DiCaprio,Joseph Gordon-Levitt,Ken Watanabe
The Grand Budapest Hotel,Wes Anderson,4.24,2485981,https://a.ltrbxd.com/resized/film-poster/9/5/1/1/3/95113-the-grand-budapest-hotel-0-1000-0-1500-crop.jpg?v=6ac71cf4ba,Ralph Fiennes,F. Murray Abraham,Tony Revolori
Black Swan,Darren Aronofsky,4.14,2208571,https://a.ltrbxd.com/resized/sm/upload/yt/ae/iz/kj/bIjkE9Og0nulRycj144sCcQcsZ6-0-1000-0-1500-crop.jpg?v=a571e4c644,Natalie Portman,Mila Kunis,Vincent Cassel
Scott Pilgrim vs. the World,Edgar Wright,3.87,2176293,https://a.ltrbxd.com/resized/sm/upload/vs/75/02/fx/2B5zjs5E3xerqAyowpw3QcOCyLq-0-1000-0-1500-crop.jpg?v=3aef2095df,Michael Cera,Mary Elizabeth Winstead,Ellen Wong
Lady Bird,Greta Gerwig,3.86,2472222,https://a.ltrbxd.com/resized/film-poster/3/2/6/2/7/9/326279-lady-bird-0-1000-0-1500-crop.jpg?v=754ff28eb4,Saoirse Ronan,Laurie Metcalf,Tracy Letts
GoodFellas,Martin Scorsese,4.48,1551728,https://a.ltrbxd.com/resized/film-poster/5/1/3/8/3/51383-goodfellas-0-1000-0-1500-crop.jpg?v=c6c265f228,Ray Liotta,Robert De Niro,Joe Pesci
Before Sunrise,Richard Linklater,4.33,952484,https://a.ltrbxd.com/resized/film-poster/5/1/9/7/4/51974-before-sunrise-0-1000-0-1500-crop.jpg?v=006e8fedea,Ethan Hawke,Julie Delpy,Andrea Eckert
Back to the Future,Robert Zemeckis,4.2,2348027,https://a.ltrbxd.com/resized/film-poster/5/1/9/4/5/51945-back-to-the-future-0-1000-0-1500-crop.jpg?v=6662417358,Michael J. Fox,Christopher Lloyd,Crispin Glover
Aftersun,Charlotte Wells,4.24,889210,https://a.ltrbxd.com/resized/film-poster/8/6/8/5/5/8/868558-aftersun-0-1000-0-1500-crop.jpg?v=5ce2118fca,Paul Mescal,Frankie Corio,Brooklyn Toulson
Good Will Hunting,Gus Van Sant,4.3,1800844,https://a.ltrbxd.com/resized/film-poster/5/1/6/2/1/51621-good-will-hunting-0-1000-0-1500-crop.jpg?v=acb4766abd,Matt Damon,Robin Williams,Ben Affleck
Inglourious Basterds,Quentin Tarantino,4.34,2593090,https://a.ltrbxd.com/resized/film-poster/4/1/3/5/2/41352-inglourious-basterds-0-1000-0-1500-crop.jpg?v=0c74c673e0,Brad Pitt,Mélanie Laurent,Christoph Waltz
The Lord of the Rings: The Return of the King,Peter Jackson,4.5,1887139,https://a.ltrbxd.com/resized/sm/upload/zs/nt/u4/uz/xieWkPAgQrrk5wOyncayPd65hrp-0-1000-0-1500-crop.jpg?v=4c89d05285,Elijah Wood,Sean Astin,Viggo Mortensen
Spider-Man: Across the Spider-Verse,"Joaquim Dos Santos, Justin K. Thompson",4.46,2072789,https://a.ltrbxd.com/resized/film-poster/4/9/7/6/3/1/497631-spider-man-across-the-spider-verse-0-1000-0-1500-crop.jpg?v=f2acbf1b8a,Shameik Moore,Hailee Steinfeld,Jason Schwartzman
Portrait of a Lady on Fire,Céline Sciamma,4.43,813902,https://a.ltrbxd.com/resized/film-poster/4/6/0/8/3/0/460830-portrait-of-a-lady-on-fire-0-1000-0-1500-crop.jpg?v=79b0f67aa9,Noémie Merlant,Adèle Haenel,Luàna Bajrami
Donnie Darko,Richard Kelly,3.97,1653988,https://a.ltrbxd.com/resized/sm/upload/ye/jq/f3/22/nmb4QhCRmdfNP6rgb81yUFgI83l-0-1000-0-1500-crop.jpg?v=caa3999c6f,Jake Gyllenhaal,Jena Malone,James Duval
The Empire Strikes Back,Irvin Kershner,4.41,2037063,https://a.ltrbxd.com/resized/sm/upload/mp/pz/lf/2i/7BuH8itoSrLExs2YZSsM01Qk2no-0-1000-0-1500-crop.jpg?v=27c6c6fba7,Mark Hamill,Harrison Ford,Carrie Fisher
The Truman Show,Peter Weir,4.21,3055175,https://a.ltrbxd.com/resized/sm/upload/xx/io/jp/45/the-truman-show-0-1000-0-1500-crop.jpg?v=704ba393f7,Jim Carrey,Laura Linney,Noah Emmerich
Little Miss Sunshine,"Jonathan Dayton, Valerie Faris",4.17,1558261,https://a.ltrbxd.com/resized/sm/upload/h6/xm/om/q7/dOeM4R55TsAFBXCPNIDDMiJkePr-0-1000-0-1500-crop.jpg?v=09383296c6,Greg Kinnear,Toni Collette,Steve Carell
The Shining,Stanley Kubrick,4.24,2552100,https://a.ltrbxd.com/resized/sm/upload/7s/m2/bw/d0/caoYMcjUamGoBVy65i1AHJBvdzw-0-1000-0-1500-crop.jpg?v=88d9d6cce4,Jack Nicholson,Shelley Duvall,Danny Lloyd
2001: A Space Odyssey,Stanley Kubrick,4.3,1274562,https://a.ltrbxd.com/resized/sm/upload/fe/jp/49/l9/eDiexVN4nO3ZdDZCDMiJOX5fQ5r-0-1000-0-1500-crop.jpg?v=ef7fa718a0,Keir Dullea,Gary Lockwood,William Sylvester
Blade Runner 2049,Denis Villeneuve,4.12,1727114,https://a.ltrbxd.com/resized/film-poster/2/6/5/4/3/9/265439-blade-runner-2049-0-1000-0-1500-crop.jpg?v=86735e0bb8,Ryan Gosling,Harrison Ford,Sylvia Hoeks
Taxi Driver,Martin Scorsese,4.17,1807514,https://a.ltrbxd.com/resized/film-poster/5/1/9/4/7/51947-taxi-driver-0-1000-0-1500-crop.jpg?v=3ae07cca2d,Robert De Niro,Jodie Foster,Cybill Shepherd
Se7en,David Fincher,4.32,2319086,https://a.ltrbxd.com/resized/film-poster/5/1/3/4/5/51345-se7en-0-1000-0-1500-crop.jpg?v=76a14ef6b4,Morgan Freeman,Brad Pitt,Gwyneth Paltrow
Amélie,Jean-Pierre Jeunet,4.16,1152386,https://a.ltrbxd.com/resized/sm/upload/ly/0v/ey/u7/pM20xF4WFyX7G3ie0YBXFp75aEC-0-1000-0-1500-crop.jpg?v=bc8a28c252,Audrey Tautou,Mathieu Kassovitz,Rufus
Forrest Gump,Robert Zemeckis,4.12,3049371,https://a.ltrbxd.com/resized/film-poster/2/7/0/4/2704-forrest-gump-0-1000-0-1500-crop.jpg?v=173bc04cf0,Tom Hanks,Robin Wright,Gary Sinise
The Batman,Matt Reeves,3.98,2777959,https://a.ltrbxd.com/resized/film-poster/3/4/8/9/1/4/348914-the-batman-0-1000-0-1500-crop.jpg?v=ec12a8b7ce,Robert Pattinson,Zoë Kravitz,Paul Dano
The Lord of the Rings: The Fellowship of the Ring,Peter Jackson,4.36,2348623,https://a.ltrbxd.com/resized/sm/upload/3t/vq/0u/m6/1tX9ZlgVvWjAQhMs1vAfsYpi7VK-0-1000-0-1500-crop.jpg?v=30bbb824e1,Elijah Wood,Ian McKellen,Viggo Mortensen
Mamma Mia!,Phyllida Lloyd,3.74,1373714,https://a.ltrbxd.com/resized/sm/upload/10/5l/wu/jl/gOm2iMMbC6EonrFzmSQ8xvCa4Ei.jpg-0-1000-0-1500-crop.jpg?v=e49de6f770,Meryl Streep,Pierce Brosnan,Colin Firth
Blade Runner,Ridley Scott,4.1,1350083,https://a.ltrbxd.com/resized/sm/upload/85/io/38/dz/vfzE3pjE5G7G7kcZWrA3fnbZo7V-0-1000-0-1500-crop.jpg?v=0d5de70f0d,Harrison Ford,Rutger Hauer,Sean Young
Arrival,Denis Villeneuve,4.12,2022713,https://a.ltrbxd.com/resized/sm/upload/3u/dy/qd/qd/4Iu5f2nv7huqvuYkmZvSPOtbFjs-0-1000-0-1500-crop.jpg?v=0fc28fdf2c,Amy Adams,Jeremy Renner,Forest Whitaker
Kill Bill: Vol. 1,Quentin Tarantino,4.19,2248050,https://a.ltrbxd.com/resized/sm/upload/sw/w2/ep/v4/9O50TVszkz0dcP5g6Ej33UhR7vw-0-1000-0-1500-crop.jpg?v=5a65f5202f,Uma Thurman,Lucy Liu,Vivica A. Fox
La Haine,Mathieu Kassovitz,4.51,567035,https://a.ltrbxd.com/resized/film-poster/5/1/6/8/4/51684-la-haine-0-1000-0-1500-crop.jpg?v=b6677cc136,Vincent Cassel,Hubert Koundé,Saïd Taghmaoui
Star Wars: Episode III – Revenge of the Sith,George Lucas,3.79,1687939,https://a.ltrbxd.com/resized/film-poster/5/0/7/0/9/50709-star-wars-episode-iii-revenge-of-the-sith-0-1000-0-1500-crop.jpg?v=cdb8caab10,Hayden Christensen,Ewan McGregor,Natalie Portman
Midsommar,Ari Aster,3.78,2752798,https://a.ltrbxd.com/resized/film-poster/4/5/9/5/6/4/459564-midsommar-0-1000-0-1500-crop.jpg?v=ed7b8ded1f,Florence Pugh,Jack Reynor,William Jackson Harper
Dune: Part Two,Denis Villeneuve,4.51,1347669,https://a.ltrbxd.com/resized/film-poster/6/1/7/4/4/3/617443-dune-part-two-0-1000-0-1500-crop.jpg?v=cc533700f8,Timothée Chalamet,Zendaya,Rebecca Ferguson
Gone Girl,David Fincher,4.07,2549866,https://a.ltrbxd.com/resized/film-poster/1/4/9/8/5/7/149857-gone-girl-0-1000-0-1500-crop.jpg?v=09a7c91f68,Ben Affleck,Rosamund Pike,Neil Patrick Harris
The Thing,John Carpenter,4.35,904703,https://a.ltrbxd.com/resized/sm/upload/t3/qn/vs/p5/s5fH3GqFcHbi2F0NSBSh4KRNTc0-0-1000-0-1500-crop.jpg?v=01880125bb,Kurt Russell,Keith David,Wilford Brimley
Princess Mononoke,Hayao Miyazaki,4.37,1173168,https://a.ltrbxd.com/resized/sm/upload/fu/5h/fp/mj/mNqZOtJIQfFQPjo3hmYLIn8Qqhf-0-1000-0-1500-crop.jpg?v=aae03975f7,Youji Matsuda,Yuriko Ishida,Yûko Tanaka
In the Mood for Love,Wong Kar-wai,4.4,640638,https://a.ltrbxd.com/resized/sm/upload/g1/7l/2j/qk/tSRdvZY1waXrTeMqeLBmq9IRs08-0-1000-0-1500-crop.jpg?v=938633fc19,Tony Leung Chiu-wai,Maggie Cheung,Rebecca Pan
About Time,Richard Curtis,4.0,982902,https://a.ltrbxd.com/resized/sm/upload/uo/th/yf/uz/zSuh8dGwqpsWR7ccvYbfxbSZ37o-0-1000-0-1500-crop.jpg?v=7276b6e978,Domhnall Gleeson,Rachel McAdams,Bill Nighy
The Silence of the Lambs,Jonathan Demme,4.33,2259223,https://a.ltrbxd.com/resized/film-poster/5/1/7/8/2/51782-the-silence-of-the-lambs-0-1000-0-1500-crop.jpg?v=18d88bdff4,Jodie Foster,Anthony Hopkins,Scott Glenn
Jurassic Park,Steven Spielberg,4.11,2118079,https://a.ltrbxd.com/resized/sm/upload/1g/zz/ez/d8/yyCKYaW908ZbpexpnBJ3p8o87HA-0-1000-0-1500-crop.jpg?v=19a50874d0,Sam Neill,Laura Dern,Jeff Goldblum
Django Unchained,Quentin Tarantino,4.27,2503962,https://a.ltrbxd.com/resized/film-poster/5/2/5/1/6/52516-django-unchained-0-1000-0-1500-crop.jpg?v=f02aed63a3,Jamie Foxx,Christoph Waltz,Leonardo DiCaprio
Her,Spike Jonze,4.02,1974246,https://a.ltrbxd.com/resized/sm/upload/au/nb/i6/lq/fsoTLnUXEUTNuVCBxAJMY0HPPd-0-1000-0-1500-crop.jpg?v=16789732be,Joaquin Phoenix,Scarlett Johansson,Amy Adams
Mulholland Drive,David Lynch,4.24,822458,https://a.ltrbxd.com/resized/sm/upload/kv/7n/p8/tv/fMC8JBWx2VjsJ53JopAcFjqmlYv-0-1000-0-1500-crop.jpg?v=3d69c00608,Naomi Watts,Laura Harring,Justin Theroux
American Psycho,Mary Harron,3.86,2602828,https://a.ltrbxd.com/resized/sm/upload/5b/u9/av/il/ecoY7zJL6Ub3URP1oPhPfGflEjV-0-1000-0-1500-crop.jpg?v=8126850315,Christian Bale,Willem Dafoe,Jared Leto
Shutter Island,Martin Scorsese,4.11,2389339,https://a.ltrbxd.com/resized/film-poster/4/5/4/0/9/45409-shutter-island-0-1000-0-1500-crop.jpg?v=85dd4c38e3,Leonardo DiCaprio,Mark Ruffalo,Ben Kingsley
Hereditary,Ari Aster,3.97,1994263,https://a.ltrbxd.com/resized/film-poster/4/2/4/3/4/8/424348-hereditary-0-1000-0-1500-crop.jpg?v=470e48b681,Toni Collette,Alex Wolff,Gabriel Byrne
Trainspotting,Danny Boyle,4.2,1028430,https://a.ltrbxd.com/resized/film-poster/5/1/4/9/7/51497-trainspotting-0-1000-0-1500-crop.jpg?v=c8597f6cb5,Ewan McGregor,Ewen Bremner,Jonny Lee Miller
The Matrix,"Lilly Wachowski, Lana Wachowski",4.16,2475614,https://a.ltrbxd.com/resized/film-poster/5/1/5/1/8/51518-the-matrix-0-1000-0-1500-crop.jpg?v=fc7c366afe,Keanu Reeves,Laurence Fishburne,Carrie-Anne Moss
Oldboy,Park Chan-wook,4.39,1005831,https://a.ltrbxd.com/resized/film-poster/5/1/4/5/4/51454-oldboy-0-1000-0-1500-crop.jpg?v=294dbcadef,Choi Min-sik,Yoo Ji-tae,Kang Hye-jung
Perfect Blue,Satoshi Kon,4.4,717184,https://a.ltrbxd.com/resized/film-poster/4/6/1/7/5/46175-perfect-blue-0-1000-0-1500-crop.jpg?v=1ed5878cce,Junko Iwao,Rica Matsumoto,Shiho Niiyama
The Social Network,David Fincher,3.95,2443604,https://a.ltrbxd.com/resized/sm/upload/nw/cm/pa/ai/sGQv3ZMZBDBnl3z42Q0mEQ5uiDe-0-1000-0-1500-crop.jpg?v=54ee59f7cd,Jesse Eisenberg,Andrew Garfield,Armie Hammer
12 Angry Men,Sidney Lumet,4.62,910819,https://a.ltrbxd.com/resized/film-poster/5/1/7/0/0/51700-12-angry-men-0-1000-0-1500-crop.jpg?v=b8aaf291a9,Martin Balsam,John Fiedler,Lee J. Cobb
The Handmaiden,Park Chan-wook,4.41,598615,https://a.ltrbxd.com/resized/sm/upload/pc/n6/pz/mi/wvzfK5QR6dGLwND8MCzWjsQWG4Q-0-1000-0-1500-crop.jpg?v=bcfcc8f8f6,Kim Min-hee,Kim Tae-ri,Ha Jung-woo
Oppenheimer,Christopher Nolan,4.24,2430969,https://a.ltrbxd.com/resized/film-poster/7/8/4/3/2/8/784328-oppenheimer-0-1000-0-1500-crop.jpg?v=e3c6e7a32c,Cillian Murphy,Emily Blunt,Matt Damon
Knives Out,Rian Johnson,3.99,3172434,https://a.ltrbxd.com/resized/film-poster/4/7/5/3/7/0/475370-knives-out-0-1000-0-1500-crop.jpg?v=7da76d742c,Daniel Craig,Chris Evans,Ana de Armas
Alien,Ridley Scott,4.28,1433157,https://a.ltrbxd.com/resized/sm/upload/8v/f1/qw/aa/bg7K6VtUG7Ew70gQj6SSroD5d4R-0-1000-0-1500-crop.jpg?v=a932f9e98e,Sigourney Weaver,Tom Skerritt,Ian Holm
There Will Be Blood,Paul Thomas Anderson,4.45,978751,https://a.ltrbxd.com/resized/sm/upload/jg/cd/7y/f5/there%20will%20be%20blood-0-1000-0-1500-crop.jpg?v=8a533d5350,Daniel Day-Lewis,Paul Dano,Kevin J. OConnor
A Clockwork Orange,Stanley Kubrick,4.13,1337735,https://a.ltrbxd.com/resized/film-poster/5/1/8/6/7/51867-a-clockwork-orange-0-1000-0-1500-crop.jpg?v=d6d5407b50,Malcolm McDowell,Patrick Magee,Michael Bates
City of God,Fernando Meirelles,4.52,732104,https://a.ltrbxd.com/resized/film-poster/5/1/5/2/3/51523-city-of-god-0-1000-0-1500-crop.jpg?v=7517ea94ce,Alexandre Rodrigues,Leandro Firmino,Phellipe Haagensen
Ratatouille,Brad Bird,4.2,3038905,https://a.ltrbxd.com/resized/sm/upload/n8/rl/pc/se/jEiEU8viSb8CIIHcfprVr2V6XDz-0-1000-0-1500-crop.jpg?v=25e13045f0,Patton Oswalt,Lou Romano,Ian Holm
Chungking Express,Wong Kar-wai,4.3,529141,https://a.ltrbxd.com/resized/film-poster/4/5/6/0/2/45602-chungking-express-0-1000-0-1500-crop.jpg?v=9475abb05b,Takeshi Kaneshiro,Brigitte Lin,Tony Leung Chiu-wai
Titanic,James Cameron,3.8,2644002,https://a.ltrbxd.com/resized/film-poster/5/1/5/2/4/51524-titanic-0-1000-0-1500-crop.jpg?v=7517ea94ce,Leonardo DiCaprio,Kate Winslet,Billy Zane
Moonlight,Barry Jenkins,4.2,1345429,https://a.ltrbxd.com/resized/sm/upload/90/gn/c7/9k/qAwFbszz0kRyTuXmMeKQZCX3Q2O-0-1000-0-1500-crop.jpg?v=192bde15c6,Trevante Rhodes,André Holland,Janelle Monáe
No Country for Old Men,"Joel Coen, Ethan Coen",4.33,1551525,https://a.ltrbxd.com/resized/sm/upload/dr/hr/pz/ez/ehLb2SQ3djlA1FrQKbP2WO3VH09-0-1000-0-1500-crop.jpg?v=6489920a92,Josh Brolin,Javier Bardem,Tommy Lee Jones
"Girl, Interrupted",James Mangold,3.89,862454,https://a.ltrbxd.com/resized/sm/upload/1x/ad/d5/5d/vp46lgVDiFdT4Hw5WIISOPwnMaH-0-1000-0-1500-crop.jpg?v=d07803f1c3,Winona Ryder,Angelina Jolie,Brittany Murphy
Lost in Translation,Sofia Coppola,3.84,1166104,https://a.ltrbxd.com/resized/sm/upload/th/b5/6c/gl/5T8VvuFTdaawKLJk34i69Utaw7o-0-1000-0-1500-crop.jpg?v=ce6ae8e1b4,Bill Murray,Scarlett Johansson,Giovanni Ribisi
The Virgin Suicides,Sofia Coppola,3.82,732747,https://a.ltrbxd.com/resized/film-poster/5/1/0/2/4/51024-the-virgin-suicides-0-1000-0-1500-crop.jpg?v=b869f3409a,James Woods,Kathleen Turner,Kirsten Dunst
Mad Max: Fury Road,George Miller,4.17,1873510,https://a.ltrbxd.com/resized/film-poster/6/2/7/8/0/62780-mad-max-fury-road-0-1000-0-1500-crop.jpg?v=37c5424b1f,Tom Hardy,Charlize Theron,Nicholas Hoult
Barbie,Greta Gerwig,3.88,3426847,https://a.ltrbxd.com/resized/film-poster/2/7/7/0/6/4/277064-barbie-0-1000-0-1500-crop.jpg?v=1b83dc7a71,Margot Robbie,Ryan Gosling,America Ferrera
The Big Lebowski,Joel Coen,4.13,1209533,https://a.ltrbxd.com/resized/film-poster/5/1/9/3/5/51935-the-big-lebowski-0-1000-0-1500-crop.jpg?v=5cd64defcf,Jeff Bridges,John Goodman,Julianne Moore
Prisoners,Denis Villeneuve,4.29,1419209,https://a.ltrbxd.com/resized/sm/upload/iw/eg/4g/nm/3w79tTsv6tmlT8Jww6snyPrgVok-0-1000-0-1500-crop.jpg?v=778c7ae8b8,Hugh Jackman,Jake Gyllenhaal,Terrence Howard
Drive,Nicolas Winding Refn,3.94,1651390,https://a.ltrbxd.com/resized/sm/upload/6d/6l/r3/e9/nu7XIa67cXc2t7frXCE5voXUJcN.jpg-0-1000-0-1500-crop.jpg?v=58a476ae28,Ryan Gosling,Carey Mulligan,Bryan Cranston
Baby Driver,Edgar Wright,3.72,2509370,https://a.ltrbxd.com/resized/film-poster/2/6/8/9/5/0/268950-baby-driver-0-1000-0-1500-crop.jpg?v=61304ddfc8,Ansel Elgort,Kevin Spacey,Lily James
The Wolf of Wall Street,Martin Scorsese,4.0,3086706,https://a.ltrbxd.com/resized/film-poster/8/6/1/1/4/86114-the-wolf-of-wall-street-0-1000-0-1500-crop.jpg?v=9fd1891260,Leonardo DiCaprio,Jonah Hill,Margot Robbie
Apocalypse Now,Francis Ford Coppola,4.44,830744,https://a.ltrbxd.com/resized/film-poster/2/6/9/0/2690-apocalypse-now-0-1000-0-1500-crop.jpg?v=d4f99c09a3,Martin Sheen,Frederic Forrest,Albert Hall
The Godfather: Part II,Francis Ford Coppola,4.59,1082347,https://a.ltrbxd.com/resized/film-poster/5/1/8/1/6/51816-the-godfather-part-ii-0-1000-0-1500-crop.jpg?v=6a49853f25,Al Pacino,Robert Duvall,Diane Keaton
Your Name.,Makoto Shinkai,4.21,1051740,https://a.ltrbxd.com/resized/sm/upload/md/ku/l7/m5/xq1Ugd62d23K2knRUx6xxuALTZB-0-1000-0-1500-crop.jpg?v=443be7928f,Ryunosuke Kamiki,Mone Kamishiraishi,Ryo Narita
Tangled,"Byron Howard, Nathan Greno",3.92,1861549,https://a.ltrbxd.com/resized/sm/upload/0w/h1/le/1p/632CtNOARAuWYfdjoYn6ooP3BHQ-0-1000-0-1500-crop.jpg?v=845e60968f,Mandy Moore,Zachary Levi,Donna Murphy
Fallen Angels,Wong Kar-wai,4.2,444601,https://a.ltrbxd.com/resized/film-poster/4/5/4/8/9/45489-fallen-angels-0-1000-0-1500-crop.jpg?v=26d8dd7207,Leon Lai,Charlie Yeung,Takeshi Kaneshiro
Harry Potter and the Prisoner of Azkaban,Alfonso Cuarón,4.09,2510839,https://a.ltrbxd.com/resized/sm/upload/a3/0q/kf/h8/jUFjMoLh8T2CWzHUSjKCojI5SHu-0-1000-0-1500-crop.jpg?v=6285ee260e,Daniel Radcliffe,Rupert Grint,Emma Watson
Star Wars,George Lucas,4.18,2321408,https://a.ltrbxd.com/resized/film-poster/2/7/0/6/2706-star-wars-0-1000-0-1500-crop.jpg?v=f1f1271bf5,Mark Hamill,Harrison Ford,Carrie Fisher
When Harry Met Sally...,Rob Reiner,4.04,782137,https://a.ltrbxd.com/resized/film-poster/5/1/4/8/5/51485-when-harry-met-sally--0-1000-0-1500-crop.jpg?v=2f277e2fe7,Meg Ryan,Billy Crystal,Bruno Kirby
Ferris Bueller's Day Off,John Hughes,3.93,1426318,https://a.ltrbxd.com/resized/film-poster/4/7/2/1/9/47219-ferris-bueller-s-day-off-0-1000-0-1500-crop.jpg?v=5c27745153,Matthew Broderick,Alan Ruck,Mia Sara
Neon Genesis Evangelion: The End of Evangelion,"Hideaki Anno, Kazuya Tsurumaki",4.46,397355,https://a.ltrbxd.com/resized/film-poster/4/0/3/1/1/40311-neon-genesis-evangelion-the-end-of-evangelion-0-1000-0-1500-crop.jpg?v=3f8b0ad85b,Megumi Ogata,Megumi Hayashibara,Kotono Mitsuishi
"Paris, Texas",Wim Wenders,4.4,388052,https://a.ltrbxd.com/resized/film-poster/5/1/4/6/9/51469-paris-texas-0-1000-0-1500-crop.jpg?v=c8f2743612,Harry Dean Stanton,Nastassja Kinski,Dean Stockwell
Get Out,Jordan Peele,4.16,3211041,https://a.ltrbxd.com/resized/film-poster/3/5/3/1/1/7/353117-get-out-0-1000-0-1500-crop.jpg?v=136acec030,Daniel Kaluuya,Allison Williams,Bradley Whitford
(500) Days of Summer,Marc Webb,3.66,1726682,https://a.ltrbxd.com/resized/film-poster/3/9/3/5/0/39350--500-days-of-summer-0-1000-0-1500-crop.jpg?v=05995ae0b3,Joseph Gordon-Levitt,Zooey Deschanel,Geoffrey Arend
The Hunger Games: Catching Fire,Francis Lawrence,3.79,1858497,https://a.ltrbxd.com/resized/sm/upload/0a/6m/bl/rt/esWEsDI83IYqUBGSN69hb4A1Vfu-0-1000-0-1500-crop.jpg?v=a9ecd05d8f,Jennifer Lawrence,Josh Hutcherson,Liam Hemsworth
The Prestige,Christopher Nolan,4.23,1353052,https://a.ltrbxd.com/resized/film-poster/5/1/1/4/7/51147-the-prestige-0-1000-0-1500-crop.jpg?v=ad7e891177,Hugh Jackman,Christian Bale,Michael Caine
The Lighthouse,Robert Eggers,4.04,1252774,https://a.ltrbxd.com/resized/film-poster/4/3/3/8/6/3/433863-the-lighthouse-0-1000-0-1500-crop.jpg?v=ee97005537,Robert Pattinson,Willem Dafoe,Valeriia Karaman
Past Lives,Celine Song,4.19,982504,https://a.ltrbxd.com/resized/film-poster/5/9/1/0/5/3/591053-past-lives-0-1000-0-1500-crop.jpg?v=c600b7854e,Greta Lee,Teo Yoo,John Magaro
Requiem for a Dream,Darren Aronofsky,4.1,1184635,https://a.ltrbxd.com/resized/sm/upload/lv/4b/f2/zj/muym4jTjdLx7E6as09d1wlC3sOB-0-1000-0-1500-crop.jpg?v=b4d5a4aa37,Ellen Burstyn,Jared Leto,Jennifer Connelly
Joker,Todd Phillips,3.84,3679961,https://a.ltrbxd.com/resized/film-poster/4/0/6/7/7/5/406775-joker-0-1000-0-1500-crop.jpg?v=e4ea7f98cc,Joaquin Phoenix,Robert De Niro,Zazie Beetz
Dune,Denis Villeneuve,3.9,2662449,https://a.ltrbxd.com/resized/sm/upload/nx/8b/vs/gc/cDbNAY0KM84cxXhmj8f0dLWza3t-0-1000-0-1500-crop.jpg?v=49eed12751,Timothée Chalamet,Rebecca Ferguson,Oscar Isaac
The Royal Tenenbaums,Wes Anderson,4.1,874558,https://a.ltrbxd.com/resized/sm/upload/sf/k0/qu/5o/5xw30y0pSaMtTcuZW5VaQPiR8qb-0-1000-0-1500-crop.jpg?v=b945b566a6,Gene Hackman,Anjelica Huston,Ben Stiller
Poor Things,Yorgos Lanthimos,4.08,1525908,https://a.ltrbxd.com/resized/film-poster/7/1/0/3/5/2/710352-poor-things-0-1000-0-1500-crop.jpg?v=a0f2ee9a0e,Emma Stone,Mark Ruffalo,Willem Dafoe
The Princess Bride,Rob Reiner,4.04,914248,https://a.ltrbxd.com/resized/sm/upload/hk/2u/bd/9p/gpxjoE0yvRwIhFEJgNArtKtaN7S-0-1000-0-1500-crop.jpg?v=544eada136,Cary Elwes,Robin Wright,Mandy Patinkin
Scarface,Brian De Palma,4.11,1110277,https://a.ltrbxd.com/resized/film-poster/5/1/9/3/9/51939-scarface-0-1000-0-1500-crop.jpg?v=e64e66a6b8,Al Pacino,Steven Bauer,Michelle Pfeiffer
Almost Famous,Cameron Crowe,4.03,571538,https://a.ltrbxd.com/resized/sm/upload/8r/4k/tl/rx/mlOGVofLSyFAoVYcjVS2WRVvQjr-0-1000-0-1500-crop.jpg?v=ffceabaa03,Billy Crudup,Frances McDormand,Kate Hudson
The Devil Wears Prada,David Frankel,3.77,1730536,https://a.ltrbxd.com/resized/film-poster/5/1/7/1/2/51712-the-devil-wears-prada-0-1000-0-1500-crop.jpg?v=4a10e2c93f,Anne Hathaway,Meryl Streep,Emily Blunt
The Notebook,Nick Cassavetes,3.67,1249611,https://a.ltrbxd.com/resized/film-poster/4/5/6/6/7/45667-the-notebook-0-1000-0-1500-crop.jpg?v=d867e84f30,Ryan Gosling,Rachel McAdams,Gena Rowlands
Twilight,Catherine Hardwicke,2.9,1602917,https://a.ltrbxd.com/resized/film-poster/4/7/4/6/9/47469-twilight-0-1000-0-1500-crop.jpg?v=f347bd6a28,Kristen Stewart,Robert Pattinson,Billy Burke
Frances Ha,Noah Baumbach,4.03,561374,https://a.ltrbxd.com/resized/film-poster/9/6/0/8/3/96083-frances-ha-0-1000-0-1500-crop.jpg?v=0bb538988b,Greta Gerwig,Mickey Sumner,Michael Zegen
The Rocky Horror Picture Show,Jim Sharman,4.0,700210,https://a.ltrbxd.com/resized/film-poster/2/7/6/9/8/27698-the-rocky-horror-picture-show-0-1000-0-1500-crop.jpg?v=737e51d6bc,Tim Curry,Susan Sarandon,Barry Bostwick
The Worst Person in the World,Joachim Trier,4.13,610143,https://a.ltrbxd.com/resized/film-poster/5/8/5/2/5/8/585258-the-worst-person-in-the-world-0-1000-0-1500-crop.jpg?v=92bc344c27,Renate Reinsve,Anders Danielsen Lie,Herbert Nordrum
Cinema Paradiso,Giuseppe Tornatore,4.45,357388,https://a.ltrbxd.com/resized/film-poster/4/5/4/9/3/45493-cinema-paradiso-0-1000-0-1500-crop.jpg?v=8e66264ed4,Philippe Noiret,Jacques Perrin,Marco Leonardi
Bottoms,Emma Seligman,3.83,941363,https://a.ltrbxd.com/resized/film-poster/7/3/1/2/2/2/731222-bottoms-0-1000-0-1500-crop.jpg?v=11b87368c8,Rachel Sennott,Ayo Edebiri,Ruby Cruz
Jojo Rabbit,Taika Waititi,4.03,1888930,https://a.ltrbxd.com/resized/film-poster/4/4/4/6/0/0/444600-jojo-rabbit-0-1000-0-1500-crop.jpg?v=a5ad083635,Roman Griffin Davis,Thomasin McKenzie,Scarlett Johansson
Superbad,Greg Mottola,3.88,1670327,https://a.ltrbxd.com/resized/film-poster/4/7/7/7/6/47776-superbad-0-1000-0-1500-crop.jpg?v=b43686efcb,Jonah Hill,Michael Cera,Christopher Mintz-Plasse
Avengers: Endgame,"Anthony Russo, Joe Russo",3.87,2934174,https://a.ltrbxd.com/resized/film-poster/2/2/6/6/6/0/226660-avengers-endgame-0-1000-0-1500-crop.jpg?v=250ab286a3,Robert Downey Jr.,Chris Evans,Mark Ruffalo
Shrek 2,"Andrew Adamson, Kelly Asbury",4.02,1878157,https://a.ltrbxd.com/resized/sm/upload/g4/4m/0c/6s/rD8SvOTCCJ2VIpIV7GUwUKD1Kzc-0-1000-0-1500-crop.jpg?v=e780d1b7d3,Mike Myers,Eddie Murphy,Cameron Diaz
The Breakfast Club,John Hughes,3.76,1916502,https://a.ltrbxd.com/resized/film-poster/5/0/5/1/8/50518-the-breakfast-club-0-1000-0-1500-crop.jpg?v=cce37bedf1,Emilio Estevez,Judd Nelson,Molly Ringwald
The Lord of the Rings: The Two Towers,Peter Jackson,4.39,1841458,https://a.ltrbxd.com/resized/film-poster/5/1/9/2/9/51929-the-lord-of-the-rings-the-two-towers-0-1000-0-1500-crop.jpg?v=9ef6c09783,Elijah Wood,Sean Astin,Andy Serkis
Mean Girls,Mark Waters,3.83,2289151,https://a.ltrbxd.com/resized/film-poster/4/6/0/4/9/46049-mean-girls-0-1000-0-1500-crop.jpg?v=e6378abb7b,Lindsay Lohan,Rachel McAdams,Lizzy Caplan
Once Upon a Time… in Hollywood,Quentin Tarantino,3.76,2434677,https://a.ltrbxd.com/resized/film-poster/3/9/7/8/5/9/397859-once-upon-a-time-in-hollywood-0-1000-0-1500-crop.jpg?v=f3e8612854,Leonardo DiCaprio,Brad Pitt,Margot Robbie
Spider-Man: No Way Home,Jon Watts,3.85,2756319,https://a.ltrbxd.com/resized/film-poster/5/6/0/7/8/7/560787-spider-man-no-way-home-0-1000-0-1500-crop.jpg?v=a336d4f40c,Tom Holland,Zendaya,Benedict Cumberbatch
Stand by Me,Rob Reiner,4.14,804808,https://a.ltrbxd.com/resized/film-poster/5/1/8/2/1/51821-stand-by-me-0-1000-0-1500-crop.jpg?v=b3163b5def,Wil Wheaton,River Phoenix,Jerry OConnell
"The Good, the Bad and the Ugly",Sergio Leone,4.49,591922,https://a.ltrbxd.com/resized/film-poster/5/1/6/6/6/51666-the-good-the-bad-and-the-ugly-0-1000-0-1500-crop.jpg?v=9474a84e63,Clint Eastwood,Eli Wallach,Lee Van Cleef
Memento,Christopher Nolan,4.17,1489375,https://a.ltrbxd.com/resized/sm/upload/v1/3q/s4/aa/memento-0-1000-0-1500-crop.jpg?v=80f0732247,Guy Pearce,Carrie-Anne Moss,Joe Pantoliano
Pan's Labyrinth,Guillermo del Toro,4.17,1018927,https://a.ltrbxd.com/resized/film-poster/5/1/0/4/7/51047-pan-s-labyrinth-0-1000-0-1500-crop.jpg?v=79f89e7325,Ivana Baquero,Sergi López,Maribel Verdú
Léon: The Professional,Luc Besson,4.03,1244713,https://a.ltrbxd.com/resized/sm/upload/6x/vq/25/fy/gE8S02QUOhVnAmYu4tcrBlMTujz-0-1000-0-1500-crop.jpg?v=f72423fa1f,Jean Reno,Natalie Portman,Gary Oldman
Before Sunset,Richard Linklater,4.35,648982,https://a.ltrbxd.com/resized/film-poster/5/1/9/7/0/51970-before-sunset-0-1000-0-1500-crop.jpg?v=059bc2bbc0,Ethan Hawke,Julie Delpy,Vernon Dobtcheff
Beautiful Boy,Felix van Groeningen,3.88,723536,https://a.ltrbxd.com/resized/film-poster/3/8/4/0/5/8/384058-beautiful-boy-0-1000-0-1500-crop.jpg?v=f926f71a50,Steve Carell,Timothée Chalamet,Maura Tierney
Juno,Jason Reitman,3.73,1384904,https://a.ltrbxd.com/resized/film-poster/4/8/0/5/1/48051-juno-0-1000-0-1500-crop.jpg?v=19ad3fb7e5,Elliot Page,Michael Cera,Jennifer Garner
The Departed,Martin Scorsese,4.3,1248393,https://a.ltrbxd.com/resized/sm/upload/jr/th/pu/pb/laefkgrfa3oKwvBtWTBtf2suiI4-0-1000-0-1500-crop.jpg?v=f5d8231026,Leonardo DiCaprio,Matt Damon,Jack Nicholson
Jaws,Steven Spielberg,3.97,1512300,https://a.ltrbxd.com/resized/film-poster/5/1/5/4/2/51542-jaws-0-1000-0-1500-crop.jpg?v=03299455f6,Roy Scheider,Robert Shaw,Richard Dreyfuss
WALL·E,Andrew Stanton,4.19,2552988,https://a.ltrbxd.com/resized/film-poster/4/5/9/9/4/45994-walle-0-1000-0-1500-crop.jpg?v=ad27f0ceac,Ben Burtt,Elissa Knight,Jeff Garlin
Pearl,Ti West,3.75,949714,https://a.ltrbxd.com/resized/film-poster/8/5/3/8/2/2/853822-pearl-0-1000-0-1500-crop.jpg?v=471dfc4a24,Mia Goth,Tandi Wright,David Corenswet
The Florida Project,Sean Baker,4.11,757739,https://a.ltrbxd.com/resized/film-poster/3/2/8/5/3/8/328538-the-florida-project-0-1000-0-1500-crop.jpg?v=60e095aa65,Brooklynn Prince,Bria Vinaite,Willem Dafoe
Clueless,Amy Heckerling,3.72,1491259,https://a.ltrbxd.com/resized/sm/upload/fn/rr/3z/h7/i8gEHh2sszB6YWLC0jl559sxAeN-0-1000-0-1500-crop.jpg?v=593192fedf,Alicia Silverstone,Stacey Dash,Brittany Murphy
Avengers: Infinity War,"Anthony Russo, Joe Russo",3.95,3062126,https://a.ltrbxd.com/resized/film-poster/2/2/6/6/6/1/226661-avengers-infinity-war-0-1000-0-1500-crop.jpg?v=8b35f60c0c,Robert Downey Jr.,Chris Hemsworth,Mark Ruffalo
How to Train Your Dragon,"Chris Sanders, Dean DeBlois",4.01,1494608,https://a.ltrbxd.com/resized/sm/upload/0r/r7/c6/7e/hIXX3IRFy0InUOmYeWjvhCAgQNj-0-1000-0-1500-crop.jpg?v=d158027eb4,Jay Baruchel,Gerard Butler,Craig Ferguson
Halloween,John Carpenter,3.81,1001991,https://a.ltrbxd.com/resized/film-poster/6/0/2/9/8/60298-halloween-0-1000-0-1500-crop.jpg?v=bcb3149dda,Donald Pleasence,Jamie Lee Curtis,P.J. Soles
Memories of Murder,Bong Joon-ho,4.41,527483,https://a.ltrbxd.com/resized/sm/upload/84/xt/e8/mw/gawnVe9cFowdoDLo9Pok12NTw39-0-1000-0-1500-crop.jpg?v=7cad204593,Song Kang-ho,Kim Sang-kyung,Kim Roi-ha
Heat,Michael Mann,4.27,725800,https://a.ltrbxd.com/resized/film-poster/5/1/9/9/4/51994-heat-0-1000-0-1500-crop.jpg?v=54dce97dc6,Robert De Niro,Al Pacino,Val Kilmer
Akira,Katsuhiro Otomo,4.27,679102,https://a.ltrbxd.com/resized/sm/upload/xk/25/lu/0m/mi2Axov7Hy20wieoGfrbqDWLjSr-0-1000-0-1500-crop.jpg?v=dd1e90619a,Mitsuo Iwata,Nozomu Sasaki,Mami Koyama
Brokeback Mountain,Ang Lee,4.1,956705,https://a.ltrbxd.com/resized/film-poster/5/1/9/0/9/51909-brokeback-mountain-0-1000-0-1500-crop.jpg?v=40ad2b59a0,Heath Ledger,Jake Gyllenhaal,Michelle Williams
Hot Fuzz,Edgar Wright,4.08,948364,https://a.ltrbxd.com/resized/sm/upload/xe/2y/e6/gy/4XLSKzQcE4lIgJgd71Y8UhAhxqQ-0-1000-0-1500-crop.jpg?v=45bc32b708,Simon Pegg,Nick Frost,Jim Broadbent
The Secret Life of Walter Mitty,Ben Stiller,3.73,634057,https://a.ltrbxd.com/resized/film-poster/9/2/6/1/9/92619-the-secret-life-of-walter-mitty-0-1000-0-1500-crop.jpg?v=990770ac1c,Ben Stiller,Kristen Wiig,Sean Penn
My Neighbor Totoro,Hayao Miyazaki,4.19,1521620,https://a.ltrbxd.com/resized/film-poster/4/7/7/5/6/47756-my-neighbor-totoro-0-1000-0-1500-crop.jpg?v=749abe71ad,Noriko Hidaka,Chika Sakamoto,Hitoshi Takagi
Stalker,Andrei Tarkovsky,4.43,316520,https://a.ltrbxd.com/resized/film-poster/5/1/0/6/2/51062-stalker-0-1000-0-1500-crop.jpg?v=1852068db9,Aleksandr Kaydanovskiy,Anatoliy Solonitsyn,Nikolay Grinko
Moonrise Kingdom,Wes Anderson,4.02,1102638,https://a.ltrbxd.com/resized/sm/upload/v5/7f/mn/y8/ysTohGF7NY9Z6MYz9vLNYiyzh0r-0-1000-0-1500-crop.jpg?v=689b2b9ee8,Jared Gilman,Kara Hayward,Bruce Willis
Babylon,Damien Chazelle,3.82,707786,https://a.ltrbxd.com/resized/film-poster/5/4/2/7/7/3/542773-babylon-0-1000-0-1500-crop.jpg?v=aab2f01937,Brad Pitt,Margot Robbie,Diego Calva
Ponyo,Hayao Miyazaki,4.05,905831,https://a.ltrbxd.com/resized/film-poster/4/4/5/9/4/44594-ponyo-0-1000-0-1500-crop.jpg?v=6e5faa20db,Yuria Kozuki,Hiroki Doi,George Tokoro
Kiki's Delivery Service,Hayao Miyazaki,4.13,892316,https://a.ltrbxd.com/resized/sm/upload/5e/rk/0e/99/C70E830B-E641-4CD4-87B3-8DFB91383E20-0-1000-0-1500-crop.jpg?v=359a791d0d,Minami Takayama,Rei Sakuma,Kappei Yamaguchi
Spider-Man 2,Sam Raimi,3.88,2064637,https://a.ltrbxd.com/resized/sm/upload/pq/mi/kb/ck/7JtMVM58MnzxWeyubzLpXBiVnDC-0-1000-0-1500-crop.jpg?v=c5f2675b28,Tobey Maguire,Kirsten Dunst,James Franco
Dazed and Confused,Richard Linklater,3.93,505097,https://a.ltrbxd.com/resized/sm/upload/7h/zn/l9/ps/2lHRRgoof25kJsLgocf3go2Ccp1-0-1000-0-1500-crop.jpg?v=f4072fb72c,Jason London,Joey Lauren Adams,Matthew McConaughey
The Nightmare Before Christmas,Henry Selick,3.95,1646049,https://a.ltrbxd.com/resized/film-poster/4/7/1/1/9/47119-the-nightmare-before-christmas-0-1000-0-1500-crop.jpg?v=cc72c8b470,Danny Elfman,Chris Sarandon,Catherine OHara
But I'm a Cheerleader,Jamie Babbit,3.98,437777,https://a.ltrbxd.com/resized/film-poster/3/8/8/0/0/38800-but-i-m-a-cheerleader-0-1000-0-1500-crop.jpg?v=fb07442029,Natasha Lyonne,Clea DuVall,Cathy Moriarty
Moulin Rouge!,Baz Luhrmann,3.74,512760,https://a.ltrbxd.com/resized/film-poster/5/1/3/2/8/51328-moulin-rouge--0-1000-0-1500-crop.jpg?v=26abae7095,Nicole Kidman,Ewan McGregor,John Leguizamo
Gladiator,Ridley Scott,4.1,1220270,https://a.ltrbxd.com/resized/film-poster/5/1/9/5/2/51952-gladiator-0-1000-0-1500-crop.jpg?v=ebc9155e73,Russell Crowe,Joaquin Phoenix,Connie Nielsen
Eyes Wide Shut,Stanley Kubrick,4.0,840782,https://a.ltrbxd.com/resized/film-poster/5/1/7/1/7/51717-eyes-wide-shut-0-1000-0-1500-crop.jpg?v=7010402aeb,Tom Cruise,Nicole Kidman,Sydney Pollack
Persona,Ingmar Bergman,4.41,368042,https://a.ltrbxd.com/resized/film-poster/5/1/3/5/5/51355-persona-0-1000-0-1500-crop.jpg?v=aca1e0fd3d,Bibi Andersson,Liv Ullmann,Margaretha Krook
Raiders of the Lost Ark,Steven Spielberg,4.16,1350713,https://a.ltrbxd.com/resized/film-poster/5/1/9/6/5/51965-raiders-of-the-lost-ark-0-1000-0-1500-crop.jpg?v=2b066bfd52,Harrison Ford,Karen Allen,Paul Freeman
The Lion King,"Roger Allers, Rob Minkoff",4.21,2247872,https://a.ltrbxd.com/resized/sm/upload/lz/96/yu/mf/ztuEReeV6ofpU1HxUV9AsR6aLoe-0-1000-0-1500-crop.jpg?v=47499379fa,Matthew Broderick,Moira Kelly,Nathan Lane
Avatar,James Cameron,3.57,2453778,https://a.ltrbxd.com/resized/sm/upload/1p/mh/li/l2/b7nR3eKeTOwHPKmDLUWunIGasKo-0-1000-0-1500-crop.jpg?v=0bb5ec98ec,Sam Worthington,Zoe Saldaña,Sigourney Weaver
Schindler's List,Steven Spielberg,4.52,1198968,https://a.ltrbxd.com/resized/sm/upload/bz/1x/em/jr/yPisjyLweCl1tbgwgtzBCNCBle-0-1000-0-1500-crop.jpg?v=ca5215c5a9,Liam Neeson,Ben Kingsley,Ralph Fiennes
Reservoir Dogs,Quentin Tarantino,4.15,1435488,https://a.ltrbxd.com/resized/sm/upload/u0/4o/op/yx/g7spS2Y4SZoQoC6Hn7zoqEqdYqR-0-1000-0-1500-crop.jpg?v=6d1aaa720c,Harvey Keitel,Tim Roth,Michael Madsen
Children of Men,Alfonso Cuarón,4.3,696089,https://a.ltrbxd.com/resized/sm/upload/ju/ac/6a/yi/lg7s7U1FQtB4VbLzvFUSgDX0frZ-0-1000-0-1500-crop.jpg?v=e4053ab6bf,Clive Owen,Clare-Hope Ashitey,Chiwetel Ejiofor
How to Lose a Guy in 10 Days,Donald Petrie,3.56,786636,https://a.ltrbxd.com/resized/sm/upload/t0/2v/iy/9c/aiB7u6xZ9RWeDTQ7c92J8AoiHj3-0-1000-0-1500-crop.jpg?v=422ef264f8,Kate Hudson,Matthew McConaughey,Kathryn Hahn
One Flew Over the Cuckoo's Nest,Miloš Forman,4.36,886440,https://a.ltrbxd.com/resized/sm/upload/lf/ry/hy/2e/RHteRHXqym9f0gI4cmChbFOxD-0-1000-0-1500-crop.jpg?v=1e6a37509a,Jack Nicholson,Brad Dourif,Louise Fletcher
Carol,Todd Haynes,4.01,556587,https://a.ltrbxd.com/resized/film-poster/1/8/2/1/4/2/182142-carol-0-1000-0-1500-crop.jpg?v=41ac88b68e,Rooney Mara,Cate Blanchett,Kyle Chandler
Pitch Perfect,Jason Moore,3.46,1139277,https://a.ltrbxd.com/resized/sm/upload/yw/kc/ma/m9/cLUMPdwCV0Dxd3P1ZkCXe7bVImI-0-1000-0-1500-crop.jpg?v=cd134ffb49,Anna Kendrick,Brittany Snow,Anna Camp
It's a Wonderful Life,Frank Capra,4.39,609268,https://a.ltrbxd.com/resized/film-poster/5/0/9/4/9/50949-it-s-a-wonderful-life-0-1000-0-1500-crop.jpg?v=64b72dd083,James Stewart,Donna Reed,Lionel Barrymore
Corpse Bride,"Tim Burton, Mike Johnson",3.8,1202170,https://a.ltrbxd.com/resized/sm/upload/v1/h6/lc/lu/o9GbcdP7rOg2m1NyUnUR3ZwNcTE-0-1000-0-1500-crop.jpg?v=1ee3b92ded,Johnny Depp,Helena Bonham Carter,Emily Watson
A Silent Voice,Naoko Yamada,4.16,468459,https://a.ltrbxd.com/resized/sm/upload/4u/io/br/dp/drlyoSKDOPnxzJFrRWGqzDsyJvR-0-1000-0-1500-crop.jpg?v=acbeccd915,Miyu Irino,Saori Hayami,Aoi Yuki
Casablanca,Michael Curtiz,4.27,713312,https://a.ltrbxd.com/resized/sm/upload/kq/vf/8s/1p/wOBKAoUJZb5qTsWv5XXvVV2vUzz-0-1000-0-1500-crop.jpg?v=cdb9b25970,Humphrey Bogart,Ingrid Bergman,Paul Henreid
The Witch,Robert Eggers,3.84,1200028,https://a.ltrbxd.com/resized/sm/upload/y2/i8/9s/h1/tNr2KYytArZNSh0K8PUcHU3JnX4-0-1000-0-1500-crop.jpg?v=45f739a242,Anya Taylor-Joy,Ralph Ineson,Kate Dickie
Heathers,Michael Lehmann,3.76,676220,https://a.ltrbxd.com/resized/film-poster/5/0/1/7/7/50177-heathers-0-1000-0-1500-crop.jpg?v=dbd1f7062c,Winona Ryder,Christian Slater,Shannen Doherty
Edward Scissorhands,Tim Burton,3.86,1484908,https://a.ltrbxd.com/resized/film-poster/5/1/8/8/9/51889-edward-scissorhands-0-1000-0-1500-crop.jpg?v=38f2599419,Johnny Depp,Winona Ryder,Dianne Wiest
Rear Window,Alfred Hitchcock,4.38,722886,https://a.ltrbxd.com/resized/film-poster/5/1/5/5/2/51552-rear-window-0-1000-0-1500-crop.jpg?v=855a2e3070,James Stewart,Grace Kelly,Wendell Corey
Possession,Andrzej Żuławski,4.1,283729,https://a.ltrbxd.com/resized/sm/upload/8c/pk/z8/4v/aIjO3kraeaD4MDBSef3rTO2vIuZ-0-1000-0-1500-crop.jpg?v=cb9f332628,Isabelle Adjani,Sam Neill,Margit Carstensen
Saltburn,Emerald Fennell,3.44,1908645,https://a.ltrbxd.com/resized/film-poster/8/3/5/7/7/4/835774-saltburn-0-1000-0-1500-crop.jpg?v=b58cbd3b08,Barry Keoghan,Jacob Elordi,Rosamund Pike
American Beauty,Sam Mendes,3.96,1224138,https://a.ltrbxd.com/resized/film-poster/2/7/0/3/2703-american-beauty-0-1000-0-1500-crop.jpg?v=30329dd752,Kevin Spacey,Annette Bening,Thora Birch
Jennifer's Body,Karyn Kusama,3.42,988122,https://a.ltrbxd.com/resized/film-poster/3/9/3/0/5/39305-jennifer-s-body-0-1000-0-1500-crop.jpg?v=af7fb6bd86,Megan Fox,Amanda Seyfried,Johnny Simmons
Singin' in the Rain,"Stanley Donen, Gene Kelly",4.32,558352,https://a.ltrbxd.com/resized/sm/upload/xc/8e/3x/nt/nUP6Kna8oiUl2VNbEQ4BJhTcpO8-0-1000-0-1500-crop.jpg?v=2c7de99ac3,Gene Kelly,Donald OConnor,Debbie Reynolds
Phantom Thread,Paul Thomas Anderson,4.14,531395,https://a.ltrbxd.com/resized/film-poster/3/3/5/3/8/4/335384-phantom-thread-0-1000-0-1500-crop.jpg?v=6b47f80ec7,Daniel Day-Lewis,Vicky Krieps,Lesley Manville
Manchester by the Sea,Kenneth Lonergan,4.1,709481,https://a.ltrbxd.com/resized/sm/upload/i7/li/tp/62/i0t7F6b4R1wURRESAiw9VJNuVoV-0-1000-0-1500-crop.jpg?v=65942464ea,Casey Affleck,Lucas Hedges,Michelle Williams
1917,Sam Mendes,4.1,1615945,https://a.ltrbxd.com/resized/film-poster/4/6/0/1/5/5/460155-1917-0-1000-0-1500-crop.jpg?v=9eb1d95df5,George MacKay,Dean-Charles Chapman,Mark Strong
Cars,John Lasseter,3.67,1593611,https://a.ltrbxd.com/resized/sm/upload/de/kp/63/hd/dWg33ektXuHmxjSjEulwDPTWbC2-0-1000-0-1500-crop.jpg?v=df40f228cb,Owen Wilson,Larry the Cable Guy,Bonnie Hunt
Vertigo,Alfred Hitchcock,4.24,718198,https://a.ltrbxd.com/resized/sm/upload/q9/3o/ng/om/obhM86qyv8RsE69XSMTtT9FdE0b-0-1000-0-1500-crop.jpg?v=1403a5e003,James Stewart,Kim Novak,Barbara Bel Geddes
Marie Antoinette,Sofia Coppola,3.72,557649,https://a.ltrbxd.com/resized/sm/upload/k7/u1/3i/lu/xOdzoe3tC8X1v7M2Z86sdfjpVrO-0-1000-0-1500-crop.jpg?v=4b6cfecbaf,Kirsten Dunst,Jason Schwartzman,Steve Coogan
"Synecdoche, New York",Charlie Kaufman,4.18,279578,https://a.ltrbxd.com/resized/sm/upload/z9/j9/kx/ve/l3r5MgeN0UUySPbf6aWeUyKGdb2-0-1000-0-1500-crop.jpg?v=0185077fb6,Philip Seymour Hoffman,Samantha Morton,Jennifer Jason Leigh
The Holdovers,Alexander Payne,4.22,790608,https://a.ltrbxd.com/resized/film-poster/7/5/5/5/6/4/755564-the-holdovers-0-1000-0-1500-crop.jpg?v=99bbdd8955,Paul Giamatti,Dominic Sessa,DaVine Joy Randolph
Come and See,Elem Klimov,4.64,304510,https://a.ltrbxd.com/resized/film-poster/3/6/1/9/2/36192-come-and-see-0-1000-0-1500-crop.jpg?v=741b0269bb,Aleksei Kravchenko,Olga Mironova,Liubomiras Laucevicius
mid90s,Jonah Hill,3.76,623503,https://a.ltrbxd.com/resized/film-poster/3/7/0/4/5/1/370451-mid90s-0-1000-0-1500-crop.jpg?v=75ec66cf80,Sunny Suljic,Katherine Waterston,Lucas Hedges
Bones and All,Luca Guadagnino,3.65,600805,https://a.ltrbxd.com/resized/sm/upload/xi/cb/mo/xg/bones2-0-1000-0-1500-crop.jpg?v=bdb6694df9,Taylor Russell,Timothée Chalamet,Mark Rylance
Terminator 2: Judgment Day,James Cameron,4.28,909682,https://a.ltrbxd.com/resized/sm/upload/03/67/3s/tc/terminator-2-judgment-day-original-0-1000-0-1500-crop.jpg?v=12f5752b5c,Arnold Schwarzenegger,Linda Hamilton,Edward Furlong
Psycho,Alfred Hitchcock,4.32,1219388,https://a.ltrbxd.com/resized/film-poster/5/1/5/7/8/51578-psycho-0-1000-0-1500-crop.jpg?v=7353fb3952,Anthony Perkins,Janet Leigh,Vera Miles
Fargo,Joel Coen,4.22,1113343,https://a.ltrbxd.com/resized/film-poster/5/1/7/8/1/51781-fargo-0-1000-0-1500-crop.jpg?v=44835e3b35,Frances McDormand,William H. Macy,Steve Buscemi
Labyrinth,Jim Henson,3.68,373243,https://a.ltrbxd.com/resized/film-poster/4/3/7/5/1/43751-labyrinth-0-1000-0-1500-crop.jpg?v=608378d65b,David Bowie,Jennifer Connelly,Toby Froud
The Texas Chain Saw Massacre,Tobe Hooper,3.85,688751,https://a.ltrbxd.com/resized/film-poster/3/1/9/8/5/31985-the-texas-chain-saw-massacre-0-1000-0-1500-crop.jpg?v=c63b3f1958,Marilyn Burns,Allen Danziger,Paul A. Partain
Nightcrawler,Dan Gilroy,4.04,1493778,https://a.ltrbxd.com/resized/sm/upload/g7/2e/vi/vy/A9ANrAWlmIovxzjAIiOgseSLNc9-0-1000-0-1500-crop.jpg?v=6bcb14c88c,Jake Gyllenhaal,Riz Ahmed,Rene Russo
The Sound of Music,Robert Wise,4.1,623563,https://a.ltrbxd.com/resized/film-poster/4/2/5/8/0/42580-the-sound-of-music-0-1000-0-1500-crop.jpg?v=743d70b886,Julie Andrews,Christopher Plummer,Eleanor Parker
The Banshees of Inisherin,Martin McDonagh,4.11,1019228,https://a.ltrbxd.com/resized/film-poster/5/9/8/8/8/2/598882-the-banshees-of-inisherin-0-1000-0-1500-crop.jpg?v=933f9af6e7,Colin Farrell,Brendan Gleeson,Kerry Condon
Notting Hill,Roger Michell,3.62,806916,https://a.ltrbxd.com/resized/sm/upload/pa/ej/k3/ft/notting-hill-0-1000-0-1500-crop.jpg?v=a589bf6ce2,Julia Roberts,Hugh Grant,Gina McKee
Magnolia,Paul Thomas Anderson,4.22,462717,https://a.ltrbxd.com/resized/film-poster/5/1/7/2/8/51728-magnolia-0-1000-0-1500-crop.jpg?v=178b5e5c17,Jeremy Blackman,Tom Cruise,Melinda Dillon
Zodiac,David Fincher,4.02,1514458,https://a.ltrbxd.com/resized/sm/upload/58/tf/z6/gw/qKQIjErYaN149hZRP5Vgf8RoC7S-0-1000-0-1500-crop.jpg?v=72ee5db942,Jake Gyllenhaal,Mark Ruffalo,Anthony Edwards
Nope,Jordan Peele,3.73,1619622,https://a.ltrbxd.com/resized/film-poster/6/8/2/5/4/7/682547-nope-0-1000-0-1500-crop.jpg?v=d6a6158cc3,Daniel Kaluuya,Keke Palmer,Brandon Perea
Mysterious Skin,Gregg Araki,4.18,260605,https://a.ltrbxd.com/resized/sm/upload/uo/r7/1v/1j/wynnf6LT4ueuCuREPRMtHGQIk5T-0-1000-0-1500-crop.jpg?v=b0c8031954,Joseph Gordon-Levitt,Brady Corbet,Michelle Trachtenberg
Life Is Beautiful,Roberto Benigni,4.34,586361,https://a.ltrbxd.com/resized/film-poster/5/1/4/8/7/51487-life-is-beautiful-0-1000-0-1500-crop.jpg?v=90ed0e667e,Roberto Benigni,Nicoletta Braschi,Giorgio Cantarini
Amadeus,Miloš Forman,4.32,446777,https://a.ltrbxd.com/resized/sm/upload/bn/hr/ki/ay/eP2pJudgGzUlo2kZuh0tF1MInsb-0-1000-0-1500-crop.jpg?v=907dc282ae,F. Murray Abraham,Tom Hulce,Elizabeth Berridge
Top Gun: Maverick,Joseph Kosinski,3.99,1510895,https://a.ltrbxd.com/resized/film-poster/2/9/3/4/6/5/293465-top-gun-maverick-0-1000-0-1500-crop.jpg?v=9f8af0f61b,Tom Cruise,Miles Teller,Jon Hamm
Legally Blonde,Robert Luketic,3.77,1196021,https://a.ltrbxd.com/resized/film-poster/4/7/5/8/6/47586-legally-blonde-0-1000-0-1500-crop.jpg?v=683a318854,Reese Witherspoon,Luke Wilson,Selma Blair
Catch Me If You Can,Steven Spielberg,4.03,1815081,https://a.ltrbxd.com/resized/film-poster/5/1/4/8/4/51484-catch-me-if-you-can-0-1000-0-1500-crop.jpg?v=942d676423,Leonardo DiCaprio,Tom Hanks,Christopher Walken
Dirty Dancing,Emile Ardolino,3.64,717555,https://a.ltrbxd.com/resized/film-poster/5/1/9/6/2/51962-dirty-dancing-0-1000-0-1500-crop.jpg?v=62e57df498,Jennifer Grey,Patrick Swayze,Jerry Orbach
13 Going on 30,Gary Winick,3.56,1080301,https://a.ltrbxd.com/resized/sm/upload/um/45/8m/or/t0c3qxcKSaO4iBYVAzIeyPbC8I1-0-1000-0-1500-crop.jpg?v=72ab2e2ec7,Jennifer Garner,Mark Ruffalo,Judy Greer
Whisper of the Heart,Yoshifumi Kondo,4.15,327430,https://a.ltrbxd.com/resized/film-poster/2/6/7/1/3/26713-whisper-of-the-heart-0-1000-0-1500-crop.jpg?v=d1e50d223e,Yoko Honna,Issey Takahashi,Takashi Tachibana
Into the Wild,Sean Penn,3.79,655019,https://a.ltrbxd.com/resized/film-poster/4/8/5/7/1/48571-into-the-wild-0-1000-0-1500-crop.jpg?v=94f4378014,Emile Hirsch,Marcia Gay Harden,William Hurt
Birdman or (The Unexpected Virtue of Ignorance),Alejandro González Iñárritu,3.99,1256270,https://a.ltrbxd.com/resized/film-poster/1/3/9/7/9/5/139795-birdman-0-1000-0-1500-crop.jpg?v=345680513e,Michael Keaton,Emma Stone,Zach Galifianakis
Evil Dead II,Sam Raimi,4.02,402829,https://a.ltrbxd.com/resized/sm/upload/p9/tg/s4/ca/dxbIRmIo0rN5R6WGvxnJuUJPh3t-0-1000-0-1500-crop.jpg?v=12b2d3f8b3,Bruce Campbell,Sarah Berry,Dan Hicks
Mommy,Xavier Dolan,4.31,248809,https://a.ltrbxd.com/resized/film-poster/1/8/8/4/2/1/188421-mommy-0-1000-0-1500-crop.jpg?v=716f2957f8,Anne Dorval,Antoine Olivier Pilon,Suzanne Clément
Coco,Lee Unkrich,4.12,2394409,https://a.ltrbxd.com/resized/sm/upload/3p/mh/wq/v9/6Ryitt95xrO8KXuqRGm1fUuNwqF-0-1000-0-1500-crop.jpg?v=2a90bd6512,Anthony Gonzalez,Gael García Bernal,Benjamin Bratt
Saw,James Wan,3.61,919591,https://a.ltrbxd.com/resized/sm/upload/qd/18/jq/1b/oFl8U5Mzohs6z8mL8KT4Gjoiirm-0-1000-0-1500-crop.jpg?v=3c58ef6252,Cary Elwes,Leigh Whannell,Danny Glover
Suspiria,Dario Argento,3.95,485310,https://a.ltrbxd.com/resized/film-poster/4/4/9/0/0/44900-suspiria-0-1000-0-1500-crop.jpg?v=d1fbb1d377,Jessica Harper,Stefania Casini,Flavio Bucci
The Pianist,Roman Polanski,4.36,928423,https://a.ltrbxd.com/resized/film-poster/5/1/6/7/2/51672-the-pianist-0-1000-0-1500-crop.jpg?v=3eee5ac018,Adrien Brody,Thomas Kretschmann,Frank Finlay
In Bruges,Martin McDonagh,4.11,573183,https://a.ltrbxd.com/resized/film-poster/4/7/8/0/9/47809-in-bruges-0-1000-0-1500-crop.jpg?v=616745d99a,Colin Farrell,Brendan Gleeson,Ralph Fiennes
Twin Peaks: Fire Walk with Me,David Lynch,4.17,285792,https://a.ltrbxd.com/resized/sm/upload/xb/qg/78/zd/tOQekTHJmVCgfUYXTb6dLAu6l8W-0-1000-0-1500-crop.jpg?v=647348df81,Sheryl Lee,Ray Wise,Mädchen Amick
Sound of Metal,Darius Marder,4.19,668349,https://a.ltrbxd.com/resized/film-poster/4/3/2/0/0/4/432004-sound-of-metal-0-1000-0-1500-crop.jpg?v=289acd955b,Riz Ahmed,Olivia Cooke,Paul Raci
What We Do in the Shadows,"Taika Waititi, Jemaine Clement",4.11,664197,https://a.ltrbxd.com/resized/film-poster/1/7/2/5/3/7/172537-what-we-do-in-the-shadows-0-1000-0-1500-crop.jpg?v=ae4757f3a6,Taika Waititi,Jemaine Clement,Jonny Brugh
The Hunger Games,Gary Ross,3.64,2384017,https://a.ltrbxd.com/resized/sm/upload/x3/tw/wu/z4/vAkjFEm76Lu5hSevquxPgQ91OtI-0-1000-0-1500-crop.jpg?v=f4bfaf16df,Jennifer Lawrence,Josh Hutcherson,Liam Hemsworth
The Parent Trap,Nancy Meyers,3.67,990941,https://a.ltrbxd.com/resized/sm/upload/kx/iu/iq/nv/jzE9AhiNH0r40f3APmeLDvZBfmz-0-1000-0-1500-crop.jpg?v=2a873afb6f,Lindsay Lohan,Dennis Quaid,Natasha Richardson
Uncut Gems,"Josh Safdie, Benny Safdie",3.95,1426629,https://a.ltrbxd.com/resized/film-poster/4/0/4/2/6/6/404266-uncut-gems-0-1000-0-1500-crop.jpg?v=670cb7034d,Adam Sandler,LaKeith Stanfield,Julia Fox
It,Andy Muschietti,3.43,2181710,https://a.ltrbxd.com/resized/sm/upload/w3/47/76/am/6uDpMsdn8bbZScDptbika5JEtSH-0-1000-0-1500-crop.jpg?v=ee603d8e3b,Jaeden Martell,Sophia Lillis,Jack Dylan Grazer
Rocky,John G. Avildsen,4.07,842179,https://a.ltrbxd.com/resized/sm/upload/4z/ql/93/vq/2Zyuxm4fgCPKlnIdieHg7tfbxMS-0-1000-0-1500-crop.jpg?v=57dafbba23,Sylvester Stallone,Talia Shire,Burt Young
